period,alarm_id,timestamp,asset_code,priority
baseline,BA00001,2026-01-17 15:00:00,P-05,HIGH
baseline,BA00002,2026-01-03 07:15:00,P-06,HIGH
baseline,BA00003,2026-01-07 20:52:00,CH-03,HIGH
baseline,BA00004,2026-01-09 05:47:00,CH-02,HIGH
baseline,BA00005,2026-01-01 10:31:00,CH-02,HIGH
baseline,BA00006,2026-01-01 08:50:00,CH-03,MEDIUM
baseline,BA00007,2026-01-09 04:22:00,P-05,HIGH
baseline,BA00008,2026-01-25 00:56:00,P-03,HIGH
baseline,BA00009,2026-01-04 17:42:00,P-06,HIGH
baseline,BA00010,2026-01-29 02:29:00,CH-02,HIGH
baseline,BA00011,2026-01-04 00:40:00,CH-03,MEDIUM
baseline,BA00012,2026-01-28 05:54:00,P-06,HIGH
baseline,BA00013,2026-01-04 08:12:00,P-02,MEDIUM
baseline,BA00014,2026-01-13 01:14:00,P-05,MEDIUM
baseline,BA00015,2026-01-16 01:57:00,P-05,MEDIUM
baseline,BA00016,2026-01-12 04:17:00,P-02,MEDIUM
baseline,BA00017,2026-01-22 10:38:00,P-02,MEDIUM
baseline,BA00018,2026-01-25 05:51:00,P-05,HIGH
baseline,BA00019,2026-01-30 04:22:00,P-03,HIGH
baseline,BA00020,2026-01-22 14:43:00,P-02,MEDIUM
baseline,BA00021,2026-01-29 13:20:00,CH-02,MEDIUM
baseline,BA00022,2026-01-11 04:20:00,P-06,HIGH
baseline,BA00023,2026-01-02 11:37:00,CH-03,HIGH
baseline,BA00024,2026-01-13 14:14:00,CH-01,MEDIUM
baseline,BA00025,2026-01-26 01:43:00,CH-01,HIGH
baseline,BA00026,2026-01-26 11:52:00,P-03,HIGH
baseline,BA00027,2026-01-23 02:19:00,P-04,HIGH
baseline,BA00028,2026-01-17 22:37:00,P-06,MEDIUM
baseline,BA00029,2026-01-06 13:33:00,P-06,MEDIUM
baseline,BA00030,2026-01-26 21:22:00,CH-02,HIGH
baseline,BA00031,2026-01-28 11:24:00,P-01,HIGH
baseline,BA00032,2026-01-21 03:55:00,P-05,MEDIUM
baseline,BA00033,2026-01-21 12:54:00,P-05,MEDIUM
baseline,BA00034,2026-01-10 16:15:00,P-04,HIGH
baseline,BA00035,2026-01-10 08:24:00,P-02,MEDIUM
baseline,BA00036,2026-01-10 13:22:00,P-06,MEDIUM
baseline,BA00037,2026-01-17 10:23:00,CH-02,HIGH
baseline,BA00038,2026-01-27 14:05:00,P-04,HIGH
baseline,BA00039,2026-01-25 11:42:00,P-01,HIGH
baseline,BA00040,2026-01-22 09:13:00,P-02,HIGH
baseline,BA00041,2026-01-28 07:02:00,P-05,MEDIUM
baseline,BA00042,2026-01-03 11:07:00,CH-03,HIGH
baseline,BA00043,2026-01-02 23:38:00,P-02,HIGH
baseline,BA00044,2026-01-10 00:41:00,P-03,MEDIUM
baseline,BA00045,2026-01-01 11:55:00,P-03,MEDIUM
baseline,BA00046,2026-01-23 11:29:00,P-05,MEDIUM
baseline,BA00047,2026-01-23 00:49:00,P-04,HIGH
baseline,BA00048,2026-01-04 08:40:00,P-01,HIGH
baseline,BA00049,2026-01-22 18:05:00,P-05,HIGH
baseline,BA00050,2026-01-24 12:30:00,CH-03,MEDIUM
baseline,BA00051,2026-01-09 09:59:00,P-02,HIGH
baseline,BA00052,2026-01-25 07:53:00,P-03,HIGH
baseline,BA00053,2026-01-23 12:15:00,CH-02,HIGH
baseline,BA00054,2026-01-08 15:35:00,CH-03,MEDIUM
baseline,BA00055,2026-01-06 02:57:00,P-04,HIGH
baseline,BA00056,2026-01-31 05:42:00,CH-01,HIGH
baseline,BA00057,2026-01-16 22:56:00,CH-03,MEDIUM
baseline,BA00058,2026-01-28 14:28:00,P-04,HIGH
baseline,BA00059,2026-01-17 09:36:00,CH-01,HIGH
baseline,BA00060,2026-01-15 16:29:00,CH-01,HIGH
baseline,BA00061,2026-01-12 10:12:00,P-05,HIGH
baseline,BA00062,2026-01-26 08:25:00,P-04,HIGH
baseline,BA00063,2026-01-07 15:55:00,CH-01,MEDIUM
baseline,BA00064,2026-01-12 21:31:00,P-02,MEDIUM
baseline,BA00065,2026-02-24 07:51:00,P-04,HIGH
baseline,BA00066,2026-02-18 06:55:00,P-04,HIGH
baseline,BA00067,2026-02-17 09:25:00,P-04,HIGH
baseline,BA00068,2026-02-25 14:09:00,P-01,HIGH
baseline,BA00069,2026-02-11 04:35:00,P-01,HIGH
baseline,BA00070,2026-02-23 23:05:00,CH-02,HIGH
baseline,BA00071,2026-02-26 01:27:00,P-02,HIGH
baseline,BA00072,2026-02-27 13:29:00,P-02,HIGH
baseline,BA00073,2026-02-26 17:11:00,CH-01,HIGH
baseline,BA00074,2026-02-24 19:43:00,P-03,MEDIUM
baseline,BA00075,2026-02-27 17:46:00,CH-02,MEDIUM
baseline,BA00076,2026-02-06 15:14:00,CH-01,MEDIUM
baseline,BA00077,2026-02-12 21:00:00,P-04,HIGH
baseline,BA00078,2026-02-18 07:21:00,P-05,HIGH
baseline,BA00079,2026-02-13 12:39:00,P-02,MEDIUM
baseline,BA00080,2026-02-19 11:29:00,P-06,HIGH
baseline,BA00081,2026-02-18 07:47:00,CH-03,HIGH
baseline,BA00082,2026-02-24 12:39:00,P-05,HIGH
baseline,BA00083,2026-02-13 10:49:00,CH-03,HIGH
baseline,BA00084,2026-02-05 20:33:00,CH-01,HIGH
baseline,BA00085,2026-02-19 11:38:00,CH-03,MEDIUM
baseline,BA00086,2026-02-20 17:44:00,P-06,MEDIUM
baseline,BA00087,2026-02-16 15:25:00,P-03,MEDIUM
baseline,BA00088,2026-02-10 19:31:00,P-01,HIGH
baseline,BA00089,2026-02-14 02:01:00,P-02,MEDIUM
baseline,BA00090,2026-02-01 14:18:00,P-03,MEDIUM
baseline,BA00091,2026-02-02 02:47:00,P-04,HIGH
baseline,BA00092,2026-02-10 05:44:00,CH-02,HIGH
baseline,BA00093,2026-02-15 06:14:00,CH-03,MEDIUM
baseline,BA00094,2026-02-27 19:30:00,CH-03,MEDIUM
baseline,BA00095,2026-02-15 01:06:00,CH-03,MEDIUM
baseline,BA00096,2026-02-10 15:39:00,CH-02,MEDIUM
baseline,BA00097,2026-02-06 03:42:00,P-02,HIGH
baseline,BA00098,2026-02-04 14:58:00,P-03,HIGH
baseline,BA00099,2026-02-14 11:53:00,CH-01,HIGH
baseline,BA00100,2026-02-03 12:24:00,P-04,MEDIUM
baseline,BA00101,2026-02-16 23:17:00,CH-02,HIGH
baseline,BA00102,2026-02-25 01:07:00,P-02,HIGH
baseline,BA00103,2026-02-10 09:30:00,CH-03,HIGH
baseline,BA00104,2026-02-23 17:49:00,P-06,HIGH
baseline,BA00105,2026-02-26 00:00:00,P-01,HIGH
baseline,BA00106,2026-02-23 06:59:00,P-06,HIGH
baseline,BA00107,2026-02-08 12:52:00,P-06,MEDIUM
baseline,BA00108,2026-02-04 16:56:00,P-03,MEDIUM
baseline,BA00109,2026-02-02 07:04:00,P-01,MEDIUM
baseline,BA00110,2026-02-25 04:36:00,CH-03,HIGH
baseline,BA00111,2026-02-14 20:46:00,P-02,HIGH
baseline,BA00112,2026-02-17 13:30:00,P-06,HIGH
baseline,BA00113,2026-02-06 08:18:00,P-05,HIGH
baseline,BA00114,2026-02-13 06:42:00,P-05,HIGH
baseline,BA00115,2026-02-26 08:23:00,P-05,MEDIUM
baseline,BA00116,2026-02-01 20:02:00,P-02,HIGH
baseline,BA00117,2026-02-22 15:36:00,CH-03,HIGH
baseline,BA00118,2026-02-07 21:10:00,CH-01,HIGH
baseline,BA00119,2026-02-18 18:38:00,P-05,HIGH
baseline,BA00120,2026-02-08 18:35:00,P-01,HIGH
baseline,BA00121,2026-02-21 12:34:00,P-03,MEDIUM
baseline,BA00122,2026-02-12 22:30:00,P-04,HIGH
baseline,BA00123,2026-02-02 21:45:00,CH-02,MEDIUM
baseline,BA00124,2026-02-17 12:24:00,P-03,HIGH
baseline,BA00125,2026-02-14 20:44:00,P-04,HIGH
baseline,BA00126,2026-02-04 20:20:00,P-06,HIGH
baseline,BA00127,2026-02-03 09:04:00,CH-03,HIGH
baseline,BA00128,2026-02-13 19:32:00,P-02,HIGH
baseline,BA00129,2026-02-28 12:20:00,P-02,MEDIUM
baseline,BA00130,2026-02-25 00:00:00,P-05,HIGH
baseline,BA00131,2026-02-03 07:23:00,P-01,MEDIUM
baseline,BA00132,2026-02-13 12:33:00,P-06,HIGH
baseline,BA00133,2026-02-23 08:37:00,P-04,HIGH
baseline,BA00134,2026-02-10 18:20:00,P-05,HIGH
baseline,BA00135,2026-02-08 10:17:00,P-01,HIGH
baseline,BA00136,2026-02-04 17:52:00,P-06,HIGH
baseline,BA00137,2026-03-24 20:33:00,CH-02,HIGH
baseline,BA00138,2026-03-23 02:46:00,P-04,MEDIUM
baseline,BA00139,2026-03-13 08:51:00,P-06,HIGH
baseline,BA00140,2026-03-04 17:20:00,P-01,HIGH
baseline,BA00141,2026-03-09 14:35:00,CH-03,HIGH
baseline,BA00142,2026-03-14 11:22:00,P-01,HIGH
baseline,BA00143,2026-03-25 16:51:00,P-05,HIGH
baseline,BA00144,2026-03-19 20:04:00,P-05,HIGH
baseline,BA00145,2026-03-16 16:46:00,P-03,HIGH
baseline,BA00146,2026-03-19 17:58:00,CH-02,HIGH
baseline,BA00147,2026-03-21 23:51:00,CH-01,HIGH
baseline,BA00148,2026-03-14 15:15:00,P-01,HIGH
baseline,BA00149,2026-03-15 16:44:00,P-04,HIGH
baseline,BA00150,2026-03-05 02:57:00,P-05,HIGH
baseline,BA00151,2026-03-08 03:32:00,P-01,HIGH
baseline,BA00152,2026-03-21 14:06:00,P-06,HIGH
baseline,BA00153,2026-03-27 13:22:00,P-06,HIGH
baseline,BA00154,2026-03-13 02:03:00,CH-01,HIGH
baseline,BA00155,2026-03-19 08:46:00,P-02,HIGH
baseline,BA00156,2026-03-07 20:59:00,P-06,MEDIUM
baseline,BA00157,2026-03-14 20:21:00,P-01,HIGH
baseline,BA00158,2026-03-26 12:14:00,P-05,HIGH
baseline,BA00159,2026-03-16 17:36:00,P-03,HIGH
baseline,BA00160,2026-03-17 12:14:00,P-01,HIGH
baseline,BA00161,2026-03-15 14:50:00,CH-02,HIGH
baseline,BA00162,2026-03-26 08:27:00,P-02,HIGH
baseline,BA00163,2026-03-12 15:32:00,P-06,MEDIUM
baseline,BA00164,2026-03-31 17:27:00,P-06,HIGH
baseline,BA00165,2026-03-23 05:05:00,CH-01,HIGH
baseline,BA00166,2026-03-10 04:33:00,P-06,MEDIUM
baseline,BA00167,2026-03-01 00:30:00,CH-03,HIGH
baseline,BA00168,2026-03-15 18:22:00,P-06,HIGH
baseline,BA00169,2026-03-28 21:22:00,CH-03,HIGH
baseline,BA00170,2026-03-09 21:13:00,P-05,HIGH
baseline,BA00171,2026-03-16 05:07:00,P-02,MEDIUM
baseline,BA00172,2026-03-11 05:42:00,P-01,HIGH
baseline,BA00173,2026-03-16 02:30:00,CH-01,MEDIUM
baseline,BA00174,2026-03-23 00:23:00,P-02,HIGH
baseline,BA00175,2026-03-23 11:40:00,CH-03,MEDIUM
baseline,BA00176,2026-03-05 04:05:00,CH-02,HIGH
baseline,BA00177,2026-03-12 04:19:00,P-03,HIGH
baseline,BA00178,2026-03-08 22:57:00,CH-01,HIGH
baseline,BA00179,2026-03-09 21:35:00,CH-01,HIGH
baseline,BA00180,2026-03-14 07:18:00,P-01,MEDIUM
baseline,BA00181,2026-03-09 04:03:00,CH-01,MEDIUM
baseline,BA00182,2026-03-07 13:10:00,P-01,MEDIUM
baseline,BA00183,2026-03-04 22:08:00,P-03,MEDIUM
baseline,BA00184,2026-03-25 17:09:00,P-02,MEDIUM
baseline,BA00185,2026-03-05 13:06:00,CH-02,HIGH
baseline,BA00186,2026-03-28 00:18:00,CH-03,MEDIUM
baseline,BA00187,2026-03-20 22:26:00,CH-01,MEDIUM
baseline,BA00188,2026-03-06 16:59:00,P-02,HIGH
baseline,BA00189,2026-03-06 10:26:00,P-06,HIGH
baseline,BA00190,2026-03-28 19:39:00,P-03,HIGH
baseline,BA00191,2026-03-21 16:14:00,P-05,HIGH
baseline,BA00192,2026-03-15 06:52:00,P-05,MEDIUM
baseline,BA00193,2026-03-25 20:53:00,P-04,HIGH
baseline,BA00194,2026-03-16 18:58:00,CH-02,HIGH
baseline,BA00195,2026-03-24 09:34:00,CH-03,HIGH
baseline,BA00196,2026-03-30 06:08:00,CH-01,HIGH
baseline,BA00197,2026-03-15 10:03:00,P-02,HIGH
baseline,BA00198,2026-03-16 08:36:00,CH-02,HIGH
baseline,BA00199,2026-03-26 13:48:00,P-06,HIGH
baseline,BA00200,2026-03-05 17:25:00,P-05,MEDIUM
baseline,BA00201,2026-04-24 07:58:00,CH-03,HIGH
baseline,BA00202,2026-04-22 02:14:00,P-05,HIGH
baseline,BA00203,2026-04-11 21:46:00,CH-02,MEDIUM
baseline,BA00204,2026-04-20 11:19:00,P-02,HIGH
baseline,BA00205,2026-04-26 10:00:00,P-02,HIGH
baseline,BA00206,2026-04-21 02:46:00,CH-03,HIGH
baseline,BA00207,2026-04-19 06:17:00,P-06,MEDIUM
baseline,BA00208,2026-04-25 03:29:00,P-05,HIGH
baseline,BA00209,2026-04-27 04:10:00,CH-03,MEDIUM
baseline,BA00210,2026-04-19 19:21:00,CH-03,HIGH
baseline,BA00211,2026-04-22 20:12:00,P-02,MEDIUM
baseline,BA00212,2026-04-25 22:29:00,CH-03,HIGH
baseline,BA00213,2026-04-06 15:24:00,P-06,HIGH
baseline,BA00214,2026-04-28 04:13:00,P-02,HIGH
baseline,BA00215,2026-04-20 04:22:00,P-05,MEDIUM
baseline,BA00216,2026-04-28 03:03:00,P-03,MEDIUM
baseline,BA00217,2026-04-13 14:21:00,CH-02,HIGH
baseline,BA00218,2026-04-20 12:13:00,P-01,HIGH
baseline,BA00219,2026-04-18 19:54:00,P-04,MEDIUM
baseline,BA00220,2026-04-28 02:42:00,P-03,MEDIUM
baseline,BA00221,2026-04-11 18:12:00,P-03,MEDIUM
baseline,BA00222,2026-04-26 17:07:00,P-05,MEDIUM
baseline,BA00223,2026-04-10 14:37:00,CH-03,MEDIUM
baseline,BA00224,2026-04-13 15:21:00,P-03,MEDIUM
baseline,BA00225,2026-04-24 04:09:00,P-03,HIGH
baseline,BA00226,2026-04-19 06:26:00,P-06,HIGH
baseline,BA00227,2026-04-05 05:18:00,P-05,MEDIUM
baseline,BA00228,2026-04-20 12:41:00,P-04,HIGH
baseline,BA00229,2026-04-09 15:53:00,CH-03,HIGH
baseline,BA00230,2026-04-07 04:30:00,P-04,MEDIUM
baseline,BA00231,2026-04-09 22:15:00,P-04,MEDIUM
baseline,BA00232,2026-04-25 02:34:00,P-01,HIGH
baseline,BA00233,2026-04-02 08:03:00,P-01,HIGH
baseline,BA00234,2026-04-09 14:26:00,CH-03,HIGH
baseline,BA00235,2026-04-26 02:13:00,P-01,HIGH
baseline,BA00236,2026-04-05 00:28:00,CH-03,HIGH
baseline,BA00237,2026-04-29 23:07:00,P-06,MEDIUM
baseline,BA00238,2026-04-20 11:46:00,P-05,MEDIUM
baseline,BA00239,2026-04-26 20:16:00,P-01,HIGH
baseline,BA00240,2026-04-01 02:22:00,P-01,HIGH
baseline,BA00241,2026-04-16 07:43:00,P-06,HIGH
baseline,BA00242,2026-04-17 00:19:00,CH-01,HIGH
baseline,BA00243,2026-04-01 15:18:00,CH-02,HIGH
baseline,BA00244,2026-04-06 08:39:00,P-03,MEDIUM
baseline,BA00245,2026-04-19 19:55:00,P-01,HIGH
baseline,BA00246,2026-04-02 03:59:00,P-05,HIGH
baseline,BA00247,2026-04-16 23:15:00,CH-02,MEDIUM
baseline,BA00248,2026-04-12 22:35:00,P-01,MEDIUM
baseline,BA00249,2026-04-06 17:10:00,CH-01,HIGH
baseline,BA00250,2026-04-18 07:07:00,P-02,HIGH
baseline,BA00251,2026-04-05 05:15:00,CH-03,MEDIUM
baseline,BA00252,2026-04-25 11:28:00,P-01,HIGH
baseline,BA00253,2026-04-11 00:11:00,P-03,MEDIUM
baseline,BA00254,2026-04-13 22:02:00,CH-03,HIGH
baseline,BA00255,2026-04-26 03:46:00,P-04,HIGH
baseline,BA00256,2026-04-02 16:03:00,CH-03,HIGH
baseline,BA00257,2026-05-29 15:35:00,P-02,HIGH
baseline,BA00258,2026-05-11 01:56:00,P-06,MEDIUM
baseline,BA00259,2026-05-24 18:07:00,P-01,HIGH
baseline,BA00260,2026-05-01 02:20:00,P-02,HIGH
baseline,BA00261,2026-05-25 02:07:00,P-01,HIGH
baseline,BA00262,2026-05-04 04:39:00,P-02,HIGH
baseline,BA00263,2026-05-29 15:52:00,P-06,HIGH
baseline,BA00264,2026-05-10 23:06:00,P-05,MEDIUM
baseline,BA00265,2026-05-01 20:17:00,P-06,MEDIUM
baseline,BA00266,2026-05-08 00:17:00,P-06,HIGH
baseline,BA00267,2026-05-20 17:15:00,P-06,MEDIUM
baseline,BA00268,2026-05-08 01:22:00,CH-03,MEDIUM
baseline,BA00269,2026-05-01 18:29:00,CH-02,HIGH
baseline,BA00270,2026-05-16 09:40:00,P-03,MEDIUM
baseline,BA00271,2026-05-03 09:54:00,CH-02,HIGH
baseline,BA00272,2026-05-12 02:34:00,CH-01,HIGH
baseline,BA00273,2026-05-25 06:34:00,P-04,MEDIUM
baseline,BA00274,2026-05-28 15:19:00,P-05,HIGH
baseline,BA00275,2026-05-06 09:25:00,P-02,MEDIUM
baseline,BA00276,2026-05-24 14:56:00,P-06,HIGH
baseline,BA00277,2026-05-29 06:06:00,P-05,HIGH
baseline,BA00278,2026-05-29 20:59:00,CH-01,HIGH
baseline,BA00279,2026-05-20 10:33:00,P-01,HIGH
baseline,BA00280,2026-05-11 17:20:00,CH-02,HIGH
baseline,BA00281,2026-05-14 01:05:00,CH-02,HIGH
baseline,BA00282,2026-05-10 10:01:00,P-05,HIGH
baseline,BA00283,2026-05-02 07:40:00,P-06,HIGH
baseline,BA00284,2026-05-13 23:59:00,CH-01,HIGH
baseline,BA00285,2026-05-20 08:18:00,P-03,MEDIUM
baseline,BA00286,2026-05-02 21:04:00,P-06,HIGH
baseline,BA00287,2026-05-12 06:55:00,CH-01,HIGH
baseline,BA00288,2026-05-13 17:07:00,P-01,HIGH
baseline,BA00289,2026-05-15 07:35:00,CH-02,HIGH
baseline,BA00290,2026-05-16 11:25:00,P-04,HIGH
baseline,BA00291,2026-05-04 21:49:00,P-02,MEDIUM
baseline,BA00292,2026-05-15 20:23:00,P-06,HIGH
baseline,BA00293,2026-05-01 04:09:00,CH-02,HIGH
baseline,BA00294,2026-05-05 05:08:00,P-01,MEDIUM
baseline,BA00295,2026-05-10 01:19:00,CH-01,MEDIUM
baseline,BA00296,2026-05-04 09:00:00,P-04,MEDIUM
baseline,BA00297,2026-05-31 07:52:00,P-03,HIGH
baseline,BA00298,2026-05-10 06:42:00,P-04,HIGH
baseline,BA00299,2026-05-23 14:50:00,P-03,MEDIUM
baseline,BA00300,2026-05-15 02:21:00,P-06,MEDIUM
baseline,BA00301,2026-05-01 06:27:00,P-03,MEDIUM
baseline,BA00302,2026-05-27 17:51:00,P-05,MEDIUM
baseline,BA00303,2026-05-15 11:32:00,P-03,MEDIUM
baseline,BA00304,2026-05-06 15:47:00,CH-02,MEDIUM
baseline,BA00305,2026-05-31 06:06:00,CH-03,MEDIUM
baseline,BA00306,2026-05-19 13:35:00,P-04,HIGH
baseline,BA00307,2026-05-09 07:17:00,P-06,MEDIUM
baseline,BA00308,2026-05-23 05:56:00,P-06,MEDIUM
baseline,BA00309,2026-05-29 13:10:00,P-04,HIGH
baseline,BA00310,2026-05-13 15:35:00,P-04,HIGH
baseline,BA00311,2026-05-02 00:55:00,P-02,HIGH
baseline,BA00312,2026-05-20 13:21:00,P-02,HIGH
baseline,BA00313,2026-05-21 11:47:00,CH-02,MEDIUM
baseline,BA00314,2026-05-25 15:42:00,P-06,HIGH
baseline,BA00315,2026-05-22 12:16:00,P-06,MEDIUM
baseline,BA00316,2026-05-01 11:05:00,CH-02,HIGH
baseline,BA00317,2026-05-21 16:45:00,P-02,HIGH
baseline,BA00318,2026-05-28 06:52:00,P-05,HIGH
baseline,BA00319,2026-05-21 13:18:00,CH-02,HIGH
baseline,BA00320,2026-06-02 23:29:00,CH-02,MEDIUM
baseline,BA00321,2026-06-25 02:09:00,CH-03,HIGH
baseline,BA00322,2026-06-18 17:20:00,CH-02,HIGH
baseline,BA00323,2026-06-30 02:48:00,CH-03,HIGH
baseline,BA00324,2026-06-02 22:34:00,P-04,HIGH
baseline,BA00325,2026-06-28 13:35:00,P-05,HIGH
baseline,BA00326,2026-06-03 04:14:00,P-06,MEDIUM
baseline,BA00327,2026-06-16 05:16:00,P-06,HIGH
baseline,BA00328,2026-06-27 05:53:00,P-03,MEDIUM
baseline,BA00329,2026-06-12 03:21:00,CH-02,HIGH
baseline,BA00330,2026-06-17 10:09:00,P-05,HIGH
baseline,BA00331,2026-06-09 10:25:00,CH-01,HIGH
baseline,BA00332,2026-06-27 18:40:00,P-03,HIGH
baseline,BA00333,2026-06-05 20:37:00,CH-03,HIGH
baseline,BA00334,2026-06-14 22:08:00,CH-03,HIGH
baseline,BA00335,2026-06-25 13:21:00,P-02,HIGH
baseline,BA00336,2026-06-21 20:51:00,CH-01,MEDIUM
baseline,BA00337,2026-06-26 19:19:00,P-05,HIGH
baseline,BA00338,2026-06-22 02:43:00,P-01,MEDIUM
baseline,BA00339,2026-06-09 16:15:00,CH-02,HIGH
baseline,BA00340,2026-06-20 23:26:00,CH-02,HIGH
baseline,BA00341,2026-06-05 07:38:00,P-03,HIGH
baseline,BA00342,2026-06-13 17:32:00,CH-03,HIGH
baseline,BA00343,2026-06-25 22:09:00,P-04,HIGH
baseline,BA00344,2026-06-11 23:17:00,CH-01,HIGH
baseline,BA00345,2026-06-17 02:54:00,CH-02,HIGH
baseline,BA00346,2026-06-17 16:10:00,CH-01,HIGH
baseline,BA00347,2026-06-17 07:04:00,P-04,HIGH
baseline,BA00348,2026-06-30 17:22:00,P-04,HIGH
baseline,BA00349,2026-06-04 10:40:00,CH-03,HIGH
baseline,BA00350,2026-06-30 21:58:00,P-01,HIGH
baseline,BA00351,2026-06-03 11:18:00,P-01,HIGH
baseline,BA00352,2026-06-20 13:58:00,P-02,HIGH
baseline,BA00353,2026-06-02 23:25:00,P-05,MEDIUM
baseline,BA00354,2026-06-06 05:36:00,CH-03,HIGH
baseline,BA00355,2026-06-14 06:25:00,CH-01,HIGH
baseline,BA00356,2026-06-16 14:23:00,CH-03,MEDIUM
baseline,BA00357,2026-06-09 17:41:00,P-02,HIGH
baseline,BA00358,2026-06-04 22:53:00,P-05,HIGH
baseline,BA00359,2026-06-23 03:53:00,CH-01,MEDIUM
baseline,BA00360,2026-06-08 06:29:00,P-05,HIGH
baseline,BA00361,2026-06-18 08:36:00,P-03,HIGH
baseline,BA00362,2026-06-05 09:20:00,CH-03,HIGH
baseline,BA00363,2026-06-11 06:20:00,P-06,HIGH
baseline,BA00364,2026-06-21 14:11:00,P-02,HIGH
baseline,BA00365,2026-06-13 17:49:00,P-05,HIGH
baseline,BA00366,2026-06-08 23:01:00,P-06,HIGH
baseline,BA00367,2026-06-25 02:54:00,CH-02,HIGH
baseline,BA00368,2026-06-30 07:15:00,P-03,HIGH
baseline,BA00369,2026-06-19 04:53:00,P-04,HIGH
baseline,BA00370,2026-06-09 17:08:00,P-05,HIGH
baseline,BA00371,2026-06-07 21:46:00,P-01,HIGH
baseline,BA00372,2026-06-27 06:40:00,P-01,HIGH
baseline,BA00373,2026-06-11 22:10:00,CH-01,MEDIUM
baseline,BA00374,2026-06-29 02:28:00,P-05,MEDIUM
baseline,BA00375,2026-06-08 12:52:00,P-05,HIGH
baseline,BA00376,2026-06-08 15:37:00,P-05,MEDIUM
baseline,BA00377,2026-06-24 15:17:00,CH-01,HIGH
baseline,BA00378,2026-06-16 18:18:00,P-06,HIGH
baseline,BA00379,2026-07-20 03:21:00,P-03,HIGH
baseline,BA00380,2026-07-05 07:31:00,P-01,HIGH
baseline,BA00381,2026-07-16 02:24:00,P-04,HIGH
baseline,BA00382,2026-07-25 20:34:00,P-06,MEDIUM
baseline,BA00383,2026-07-05 20:49:00,P-04,HIGH
baseline,BA00384,2026-07-24 18:06:00,P-03,MEDIUM
baseline,BA00385,2026-07-21 20:34:00,CH-01,HIGH
baseline,BA00386,2026-07-24 10:04:00,P-06,HIGH
baseline,BA00387,2026-07-09 06:48:00,P-03,HIGH
baseline,BA00388,2026-07-26 18:13:00,CH-03,MEDIUM
baseline,BA00389,2026-07-18 01:46:00,CH-02,MEDIUM
baseline,BA00390,2026-07-27 05:52:00,P-05,HIGH
baseline,BA00391,2026-07-30 13:34:00,CH-03,HIGH
baseline,BA00392,2026-07-24 02:02:00,P-06,MEDIUM
baseline,BA00393,2026-07-10 20:04:00,P-02,HIGH
baseline,BA00394,2026-07-17 22:01:00,P-05,HIGH
baseline,BA00395,2026-07-10 14:07:00,CH-03,HIGH
baseline,BA00396,2026-07-15 10:47:00,P-03,HIGH
baseline,BA00397,2026-07-31 14:04:00,P-02,HIGH
baseline,BA00398,2026-07-04 09:07:00,P-02,HIGH
baseline,BA00399,2026-07-13 03:52:00,CH-01,HIGH
baseline,BA00400,2026-07-05 07:45:00,P-03,HIGH
baseline,BA00401,2026-07-13 20:58:00,P-02,MEDIUM
baseline,BA00402,2026-07-12 07:39:00,P-03,HIGH
baseline,BA00403,2026-07-01 09:39:00,CH-03,HIGH
baseline,BA00404,2026-07-12 11:48:00,P-04,HIGH
baseline,BA00405,2026-07-21 07:06:00,P-06,HIGH
baseline,BA00406,2026-07-24 10:12:00,P-02,MEDIUM
baseline,BA00407,2026-07-02 07:43:00,P-03,HIGH
baseline,BA00408,2026-07-06 02:24:00,P-05,HIGH
baseline,BA00409,2026-07-05 17:31:00,P-06,HIGH
baseline,BA00410,2026-07-05 08:10:00,P-03,HIGH
baseline,BA00411,2026-07-14 19:55:00,P-02,HIGH
baseline,BA00412,2026-07-05 05:02:00,P-02,HIGH
baseline,BA00413,2026-07-10 03:39:00,CH-03,MEDIUM
baseline,BA00414,2026-07-13 10:06:00,P-06,MEDIUM
baseline,BA00415,2026-07-31 22:20:00,CH-01,MEDIUM
baseline,BA00416,2026-07-15 01:17:00,CH-02,HIGH
baseline,BA00417,2026-07-05 23:08:00,P-06,MEDIUM
baseline,BA00418,2026-07-23 01:56:00,CH-01,MEDIUM
baseline,BA00419,2026-07-31 02:48:00,P-05,MEDIUM
baseline,BA00420,2026-07-01 09:30:00,CH-03,HIGH
baseline,BA00421,2026-07-16 18:21:00,P-04,HIGH
baseline,BA00422,2026-07-26 09:07:00,P-05,HIGH
baseline,BA00423,2026-07-12 10:30:00,P-06,HIGH
baseline,BA00424,2026-07-21 02:53:00,P-06,HIGH
baseline,BA00425,2026-07-01 02:28:00,P-02,MEDIUM
baseline,BA00426,2026-07-21 15:00:00,CH-03,HIGH
baseline,BA00427,2026-07-10 05:35:00,P-06,MEDIUM
baseline,BA00428,2026-07-02 01:34:00,P-05,HIGH
baseline,BA00429,2026-07-11 23:20:00,P-05,HIGH
baseline,BA00430,2026-07-16 17:43:00,P-06,HIGH
baseline,BA00431,2026-07-26 12:52:00,P-03,HIGH
baseline,BA00432,2026-07-27 20:21:00,CH-03,MEDIUM
baseline,BA00433,2026-07-31 14:29:00,CH-02,HIGH
baseline,BA00434,2026-07-22 08:58:00,P-04,HIGH
baseline,BA00435,2026-07-09 15:44:00,P-01,MEDIUM
baseline,BA00436,2026-07-06 22:01:00,CH-03,HIGH
baseline,BA00437,2026-07-25 22:03:00,P-06,MEDIUM
baseline,BA00438,2026-07-16 11:25:00,P-02,HIGH
baseline,BA00439,2026-08-26 08:44:00,P-01,HIGH
baseline,BA00440,2026-08-24 12:43:00,P-05,HIGH
baseline,BA00441,2026-08-26 14:38:00,P-03,HIGH
baseline,BA00442,2026-08-25 15:11:00,P-02,HIGH
baseline,BA00443,2026-08-09 02:32:00,P-01,HIGH
baseline,BA00444,2026-08-06 07:16:00,P-03,HIGH
baseline,BA00445,2026-08-04 02:10:00,P-04,HIGH
baseline,BA00446,2026-08-08 00:33:00,P-01,HIGH
baseline,BA00447,2026-08-14 13:17:00,P-06,HIGH
baseline,BA00448,2026-08-10 23:41:00,P-02,MEDIUM
baseline,BA00449,2026-08-25 16:04:00,P-05,HIGH
baseline,BA00450,2026-08-15 22:18:00,CH-02,MEDIUM
baseline,BA00451,2026-08-08 09:42:00,P-06,HIGH
baseline,BA00452,2026-08-28 11:12:00,CH-03,MEDIUM
baseline,BA00453,2026-08-17 07:48:00,P-04,MEDIUM
baseline,BA00454,2026-08-18 22:12:00,P-06,HIGH
baseline,BA00455,2026-08-29 06:38:00,P-06,MEDIUM
baseline,BA00456,2026-08-16 13:51:00,P-06,HIGH
baseline,BA00457,2026-08-13 15:15:00,P-02,MEDIUM
baseline,BA00458,2026-08-03 13:10:00,CH-01,MEDIUM
baseline,BA00459,2026-08-15 22:58:00,P-04,MEDIUM
baseline,BA00460,2026-08-17 03:41:00,CH-01,HIGH
baseline,BA00461,2026-08-06 19:22:00,P-04,HIGH
baseline,BA00462,2026-08-10 00:10:00,P-04,MEDIUM
baseline,BA00463,2026-08-05 17:41:00,P-03,HIGH
baseline,BA00464,2026-08-27 14:45:00,P-05,MEDIUM
baseline,BA00465,2026-08-10 14:54:00,CH-02,HIGH
baseline,BA00466,2026-08-10 23:35:00,P-02,HIGH
baseline,BA00467,2026-08-28 12:30:00,P-03,HIGH
baseline,BA00468,2026-08-29 19:19:00,P-01,MEDIUM
baseline,BA00469,2026-08-04 01:52:00,P-03,MEDIUM
baseline,BA00470,2026-08-14 18:44:00,CH-02,HIGH
baseline,BA00471,2026-08-06 03:36:00,CH-03,HIGH
baseline,BA00472,2026-08-26 18:30:00,P-02,HIGH
baseline,BA00473,2026-08-02 00:19:00,CH-02,HIGH
baseline,BA00474,2026-08-02 12:22:00,P-02,HIGH
baseline,BA00475,2026-08-11 16:27:00,P-03,HIGH
baseline,BA00476,2026-08-09 16:25:00,CH-02,HIGH
baseline,BA00477,2026-08-13 13:23:00,P-01,HIGH
baseline,BA00478,2026-08-02 20:46:00,P-01,HIGH
baseline,BA00479,2026-08-14 18:37:00,CH-01,HIGH
baseline,BA00480,2026-08-23 21:37:00,CH-01,MEDIUM
baseline,BA00481,2026-08-08 20:19:00,P-01,HIGH
baseline,BA00482,2026-08-22 15:27:00,P-06,HIGH
baseline,BA00483,2026-08-10 15:14:00,CH-02,HIGH
baseline,BA00484,2026-08-27 23:47:00,P-02,MEDIUM
baseline,BA00485,2026-08-12 15:50:00,P-03,HIGH
baseline,BA00486,2026-08-09 12:12:00,P-03,HIGH
baseline,BA00487,2026-08-04 19:39:00,CH-02,HIGH
baseline,BA00488,2026-08-09 02:31:00,P-04,MEDIUM
baseline,BA00489,2026-08-30 07:02:00,CH-02,HIGH
baseline,BA00490,2026-08-11 03:07:00,P-01,MEDIUM
baseline,BA00491,2026-08-07 20:08:00,P-06,HIGH
baseline,BA00492,2026-08-09 20:40:00,P-06,HIGH
baseline,BA00493,2026-09-24 20:54:00,P-05,HIGH
baseline,BA00494,2026-09-16 17:41:00,P-05,HIGH
baseline,BA00495,2026-09-10 22:38:00,P-06,HIGH
baseline,BA00496,2026-09-22 03:07:00,P-05,HIGH
baseline,BA00497,2026-09-30 05:35:00,P-02,HIGH
baseline,BA00498,2026-09-28 00:20:00,P-01,HIGH
baseline,BA00499,2026-09-23 16:26:00,CH-03,MEDIUM
baseline,BA00500,2026-09-23 18:18:00,P-03,HIGH
baseline,BA00501,2026-09-20 23:52:00,P-03,MEDIUM
baseline,BA00502,2026-09-28 21:01:00,P-06,HIGH
baseline,BA00503,2026-09-19 14:13:00,CH-02,HIGH
baseline,BA00504,2026-09-16 11:41:00,P-04,HIGH
baseline,BA00505,2026-09-11 14:31:00,P-06,HIGH
baseline,BA00506,2026-09-14 14:56:00,CH-01,MEDIUM
baseline,BA00507,2026-09-21 13:32:00,P-01,HIGH
baseline,BA00508,2026-09-14 08:30:00,P-04,MEDIUM
baseline,BA00509,2026-09-06 19:03:00,P-04,HIGH
baseline,BA00510,2026-09-25 17:40:00,P-01,HIGH
baseline,BA00511,2026-09-19 02:00:00,CH-01,HIGH
baseline,BA00512,2026-09-13 11:08:00,P-01,HIGH
baseline,BA00513,2026-09-03 10:18:00,P-05,HIGH
baseline,BA00514,2026-09-11 11:38:00,P-03,HIGH
baseline,BA00515,2026-09-23 20:15:00,P-02,MEDIUM
baseline,BA00516,2026-09-21 08:05:00,P-04,HIGH
baseline,BA00517,2026-09-04 11:50:00,P-01,HIGH
baseline,BA00518,2026-09-12 18:40:00,P-02,MEDIUM
baseline,BA00519,2026-09-16 21:57:00,P-06,HIGH
baseline,BA00520,2026-09-09 00:55:00,CH-01,MEDIUM
baseline,BA00521,2026-09-26 04:59:00,P-01,HIGH
baseline,BA00522,2026-09-17 22:42:00,CH-03,MEDIUM
baseline,BA00523,2026-09-13 12:06:00,P-05,HIGH
baseline,BA00524,2026-09-19 00:09:00,P-05,MEDIUM
baseline,BA00525,2026-09-09 15:56:00,P-02,HIGH
baseline,BA00526,2026-09-12 15:38:00,P-01,HIGH
baseline,BA00527,2026-09-17 04:22:00,CH-03,HIGH
baseline,BA00528,2026-09-29 10:21:00,P-06,MEDIUM
baseline,BA00529,2026-09-06 16:02:00,P-05,MEDIUM
baseline,BA00530,2026-09-27 13:23:00,P-04,HIGH
baseline,BA00531,2026-09-18 07:10:00,P-04,MEDIUM
baseline,BA00532,2026-09-04 20:55:00,CH-03,HIGH
baseline,BA00533,2026-09-10 23:14:00,P-02,HIGH
baseline,BA00534,2026-09-12 03:20:00,CH-03,HIGH
baseline,BA00535,2026-09-25 21:26:00,P-01,HIGH
baseline,BA00536,2026-09-04 14:50:00,P-06,MEDIUM
baseline,BA00537,2026-09-26 09:35:00,P-06,HIGH
baseline,BA00538,2026-09-09 12:35:00,P-04,MEDIUM
baseline,BA00539,2026-09-13 11:59:00,P-01,HIGH
baseline,BA00540,2026-09-10 23:53:00,P-05,HIGH
baseline,BA00541,2026-09-05 02:29:00,P-04,HIGH
baseline,BA00542,2026-09-16 19:43:00,P-06,HIGH
baseline,BA00543,2026-09-18 01:26:00,P-02,HIGH
baseline,BA00544,2026-09-29 02:37:00,CH-02,MEDIUM
baseline,BA00545,2026-09-19 03:46:00,P-04,HIGH
baseline,BA00546,2026-09-04 10:27:00,CH-02,HIGH
baseline,BA00547,2026-09-15 14:32:00,CH-01,HIGH
baseline,BA00548,2026-09-08 23:07:00,P-06,HIGH
baseline,BA00549,2026-09-05 10:35:00,P-02,HIGH
baseline,BA00550,2026-09-25 10:24:00,P-02,MEDIUM
baseline,BA00551,2026-09-08 13:15:00,P-05,HIGH
baseline,BA00552,2026-09-14 04:58:00,P-03,HIGH
baseline,BA00553,2026-09-20 18:24:00,P-03,HIGH
baseline,BA00554,2026-09-16 14:34:00,P-01,HIGH
baseline,BA00555,2026-09-23 17:54:00,P-02,MEDIUM
baseline,BA00556,2026-09-30 16:15:00,P-04,HIGH
baseline,BA00557,2026-09-18 02:26:00,P-05,HIGH
baseline,BA00558,2026-09-07 06:24:00,P-04,MEDIUM
baseline,BA00559,2026-09-23 23:43:00,P-03,MEDIUM
baseline,BA00560,2026-09-11 11:53:00,P-05,HIGH
baseline,BA00561,2026-10-10 12:38:00,P-05,HIGH
baseline,BA00562,2026-10-20 15:31:00,CH-02,HIGH
baseline,BA00563,2026-10-16 16:19:00,P-05,MEDIUM
baseline,BA00564,2026-10-26 08:09:00,P-04,HIGH
baseline,BA00565,2026-10-26 14:16:00,P-02,HIGH
baseline,BA00566,2026-10-23 00:22:00,CH-03,HIGH
baseline,BA00567,2026-10-27 08:47:00,P-05,HIGH
baseline,BA00568,2026-10-02 03:09:00,P-03,HIGH
baseline,BA00569,2026-10-10 06:13:00,P-04,HIGH
baseline,BA00570,2026-10-05 06:09:00,CH-01,HIGH
baseline,BA00571,2026-10-12 10:59:00,P-01,HIGH
baseline,BA00572,2026-10-30 14:36:00,P-02,HIGH
baseline,BA00573,2026-10-31 19:57:00,CH-03,HIGH
baseline,BA00574,2026-10-05 06:52:00,P-06,HIGH
baseline,BA00575,2026-10-14 02:02:00,CH-02,HIGH
baseline,BA00576,2026-10-21 12:01:00,P-05,HIGH
baseline,BA00577,2026-10-20 20:12:00,P-03,HIGH
baseline,BA00578,2026-10-25 00:36:00,CH-03,HIGH
baseline,BA00579,2026-10-30 10:01:00,CH-02,MEDIUM
baseline,BA00580,2026-10-26 11:00:00,P-06,MEDIUM
baseline,BA00581,2026-10-21 11:33:00,P-06,HIGH
baseline,BA00582,2026-10-26 22:28:00,CH-02,HIGH
baseline,BA00583,2026-10-05 14:33:00,P-04,HIGH
baseline,BA00584,2026-10-15 16:20:00,CH-02,HIGH
baseline,BA00585,2026-10-24 19:45:00,CH-03,MEDIUM
baseline,BA00586,2026-10-19 12:53:00,CH-02,HIGH
baseline,BA00587,2026-10-03 06:57:00,P-06,HIGH
baseline,BA00588,2026-10-31 02:10:00,P-02,HIGH
baseline,BA00589,2026-10-14 16:18:00,P-01,HIGH
baseline,BA00590,2026-10-18 15:27:00,CH-03,HIGH
baseline,BA00591,2026-10-30 20:52:00,P-06,HIGH
baseline,BA00592,2026-10-28 22:43:00,P-03,MEDIUM
baseline,BA00593,2026-10-03 11:03:00,CH-03,HIGH
baseline,BA00594,2026-10-09 16:44:00,P-03,HIGH
baseline,BA00595,2026-10-18 14:41:00,CH-02,HIGH
baseline,BA00596,2026-10-12 09:40:00,P-06,HIGH
baseline,BA00597,2026-10-22 01:46:00,P-01,HIGH
baseline,BA00598,2026-10-27 04:09:00,P-06,HIGH
baseline,BA00599,2026-10-22 10:20:00,P-05,HIGH
baseline,BA00600,2026-10-20 18:19:00,P-04,MEDIUM
baseline,BA00601,2026-10-23 13:06:00,P-06,HIGH
baseline,BA00602,2026-10-04 07:46:00,P-03,MEDIUM
baseline,BA00603,2026-10-04 18:19:00,P-01,HIGH
baseline,BA00604,2026-10-28 20:54:00,CH-02,HIGH
baseline,BA00605,2026-10-18 03:35:00,CH-02,HIGH
baseline,BA00606,2026-10-07 17:35:00,P-04,MEDIUM
baseline,BA00607,2026-10-29 21:06:00,P-04,HIGH
baseline,BA00608,2026-10-28 01:15:00,P-01,HIGH
baseline,BA00609,2026-10-12 05:25:00,CH-03,HIGH
baseline,BA00610,2026-10-16 00:32:00,CH-03,HIGH
baseline,BA00611,2026-10-28 07:17:00,P-04,HIGH
baseline,BA00612,2026-10-11 10:52:00,P-02,HIGH
baseline,BA00613,2026-10-17 02:22:00,P-06,HIGH
baseline,BA00614,2026-10-02 00:44:00,CH-02,HIGH
baseline,BA00615,2026-10-18 06:31:00,P-04,MEDIUM
baseline,BA00616,2026-10-22 12:44:00,P-01,HIGH
baseline,BA00617,2026-11-21 22:33:00,CH-02,HIGH
baseline,BA00618,2026-11-25 19:52:00,CH-01,HIGH
baseline,BA00619,2026-11-26 05:33:00,CH-03,MEDIUM
baseline,BA00620,2026-11-06 02:38:00,P-04,HIGH
baseline,BA00621,2026-11-06 06:36:00,P-02,HIGH
baseline,BA00622,2026-11-11 23:29:00,CH-01,HIGH
baseline,BA00623,2026-11-25 01:13:00,P-04,MEDIUM
baseline,BA00624,2026-11-13 06:48:00,CH-01,HIGH
baseline,BA00625,2026-11-03 17:28:00,P-01,HIGH
baseline,BA00626,2026-11-15 12:48:00,P-03,HIGH
baseline,BA00627,2026-11-02 14:11:00,CH-01,HIGH
baseline,BA00628,2026-11-08 03:39:00,CH-03,HIGH
baseline,BA00629,2026-11-04 23:29:00,P-05,HIGH
baseline,BA00630,2026-11-14 16:42:00,P-06,HIGH
baseline,BA00631,2026-11-14 01:03:00,CH-01,HIGH
baseline,BA00632,2026-11-16 14:05:00,P-05,MEDIUM
baseline,BA00633,2026-11-14 04:30:00,P-03,MEDIUM
baseline,BA00634,2026-11-01 15:52:00,P-06,MEDIUM
baseline,BA00635,2026-11-03 10:51:00,P-04,HIGH
baseline,BA00636,2026-11-01 21:23:00,P-04,HIGH
baseline,BA00637,2026-11-15 06:59:00,CH-02,HIGH
baseline,BA00638,2026-11-19 13:49:00,P-06,HIGH
baseline,BA00639,2026-11-01 20:52:00,CH-03,HIGH
baseline,BA00640,2026-11-26 19:16:00,P-01,HIGH
baseline,BA00641,2026-11-15 16:56:00,P-02,HIGH
baseline,BA00642,2026-11-02 07:30:00,P-06,MEDIUM
baseline,BA00643,2026-11-01 20:22:00,P-01,MEDIUM
baseline,BA00644,2026-11-17 15:28:00,P-06,HIGH
baseline,BA00645,2026-11-15 17:11:00,P-01,MEDIUM
baseline,BA00646,2026-11-20 05:20:00,P-03,HIGH
baseline,BA00647,2026-11-11 11:30:00,CH-01,MEDIUM
baseline,BA00648,2026-11-28 02:40:00,CH-03,MEDIUM
baseline,BA00649,2026-11-27 01:24:00,P-03,HIGH
baseline,BA00650,2026-11-03 12:56:00,P-04,HIGH
baseline,BA00651,2026-11-04 03:44:00,P-04,HIGH
baseline,BA00652,2026-11-23 02:16:00,P-02,MEDIUM
baseline,BA00653,2026-11-14 05:18:00,CH-02,HIGH
baseline,BA00654,2026-11-27 04:35:00,CH-02,HIGH
baseline,BA00655,2026-11-02 08:09:00,P-05,HIGH
baseline,BA00656,2026-11-29 10:31:00,CH-03,MEDIUM
baseline,BA00657,2026-11-27 11:20:00,CH-02,HIGH
baseline,BA00658,2026-11-04 16:05:00,P-05,HIGH
baseline,BA00659,2026-11-20 11:48:00,CH-02,HIGH
baseline,BA00660,2026-11-27 04:47:00,CH-03,MEDIUM
baseline,BA00661,2026-11-10 16:59:00,CH-01,HIGH
baseline,BA00662,2026-11-01 18:26:00,CH-03,MEDIUM
baseline,BA00663,2026-11-01 07:22:00,P-02,HIGH
baseline,BA00664,2026-11-02 10:15:00,P-02,MEDIUM
baseline,BA00665,2026-11-04 12:24:00,P-05,HIGH
baseline,BA00666,2026-11-20 21:19:00,CH-02,HIGH
baseline,BA00667,2026-11-02 22:05:00,P-02,MEDIUM
baseline,BA00668,2026-11-26 14:25:00,CH-03,HIGH
baseline,BA00669,2026-11-22 22:11:00,P-04,HIGH
baseline,BA00670,2026-11-02 03:56:00,CH-01,MEDIUM
baseline,BA00671,2026-11-28 04:27:00,CH-02,HIGH
baseline,BA00672,2026-11-17 18:02:00,P-05,HIGH
baseline,BA00673,2026-11-11 17:24:00,CH-03,HIGH
baseline,BA00674,2026-11-21 16:28:00,P-03,HIGH
baseline,BA00675,2026-11-01 02:39:00,P-03,MEDIUM
baseline,BA00676,2026-11-21 05:45:00,CH-03,HIGH
baseline,BA00677,2026-11-04 15:31:00,P-06,HIGH
baseline,BA00678,2026-11-06 16:28:00,CH-03,HIGH
baseline,BA00679,2026-11-03 13:11:00,P-04,HIGH
baseline,BA00680,2026-11-05 11:25:00,P-06,HIGH
baseline,BA00681,2026-11-29 00:25:00,CH-02,MEDIUM
baseline,BA00682,2026-11-26 10:22:00,P-06,HIGH
baseline,BA00683,2026-11-27 09:31:00,CH-03,HIGH
baseline,BA00684,2026-12-11 07:23:00,P-06,MEDIUM
baseline,BA00685,2026-12-24 17:59:00,P-06,HIGH
baseline,BA00686,2026-12-02 17:22:00,P-04,MEDIUM
baseline,BA00687,2026-12-31 03:38:00,P-03,HIGH
baseline,BA00688,2026-12-09 02:56:00,CH-03,HIGH
baseline,BA00689,2026-12-22 18:11:00,CH-02,HIGH
baseline,BA00690,2026-12-18 15:24:00,P-06,HIGH
baseline,BA00691,2026-12-27 09:25:00,CH-02,HIGH
baseline,BA00692,2026-12-10 14:12:00,CH-03,HIGH
baseline,BA00693,2026-12-26 17:43:00,P-06,MEDIUM
baseline,BA00694,2026-12-18 19:38:00,P-02,HIGH
baseline,BA00695,2026-12-08 07:15:00,P-02,HIGH
baseline,BA00696,2026-12-13 08:07:00,CH-02,HIGH
baseline,BA00697,2026-12-28 11:55:00,CH-01,HIGH
baseline,BA00698,2026-12-15 10:33:00,P-01,HIGH
baseline,BA00699,2026-12-31 16:05:00,P-05,HIGH
baseline,BA00700,2026-12-29 06:04:00,P-05,HIGH
baseline,BA00701,2026-12-04 19:57:00,P-04,MEDIUM
baseline,BA00702,2026-12-02 05:01:00,P-03,HIGH
baseline,BA00703,2026-12-02 00:39:00,P-04,HIGH
baseline,BA00704,2026-12-09 20:39:00,P-02,HIGH
baseline,BA00705,2026-12-06 23:21:00,P-03,HIGH
baseline,BA00706,2026-12-09 17:10:00,CH-01,HIGH
baseline,BA00707,2026-12-08 12:07:00,P-02,HIGH
baseline,BA00708,2026-12-28 04:37:00,CH-02,MEDIUM
baseline,BA00709,2026-12-13 17:18:00,P-04,HIGH
baseline,BA00710,2026-12-05 11:26:00,CH-01,MEDIUM
baseline,BA00711,2026-12-12 06:15:00,P-06,MEDIUM
baseline,BA00712,2026-12-17 13:59:00,P-04,HIGH
baseline,BA00713,2026-12-21 06:39:00,P-03,HIGH
baseline,BA00714,2026-12-08 08:28:00,P-03,MEDIUM
baseline,BA00715,2026-12-27 15:04:00,P-02,MEDIUM
baseline,BA00716,2026-12-13 21:11:00,CH-02,HIGH
baseline,BA00717,2026-12-18 08:31:00,P-04,MEDIUM
baseline,BA00718,2026-12-02 12:42:00,P-02,HIGH
baseline,BA00719,2026-12-28 23:29:00,P-04,HIGH
baseline,BA00720,2026-12-11 00:04:00,CH-03,HIGH
baseline,BA00721,2026-12-09 18:07:00,P-05,HIGH
baseline,BA00722,2026-12-15 00:34:00,P-02,HIGH
baseline,BA00723,2026-12-18 09:39:00,CH-03,MEDIUM
baseline,BA00724,2026-12-06 19:28:00,P-02,HIGH
baseline,BA00725,2026-12-11 07:03:00,CH-03,HIGH
baseline,BA00726,2026-12-07 10:11:00,P-04,MEDIUM
baseline,BA00727,2026-12-31 17:48:00,P-01,MEDIUM
baseline,BA00728,2026-12-29 05:17:00,CH-01,HIGH
baseline,BA00729,2026-12-10 16:31:00,P-05,HIGH
baseline,BA00730,2026-12-23 09:54:00,P-01,HIGH
baseline,BA00731,2026-12-04 02:54:00,CH-03,HIGH
baseline,BA00732,2026-12-27 04:22:00,CH-02,HIGH
baseline,BA00733,2026-12-18 04:57:00,P-01,MEDIUM
baseline,BA00734,2026-12-30 08:17:00,P-04,HIGH
baseline,BA00735,2026-12-28 22:14:00,P-05,MEDIUM
baseline,BA00736,2026-12-24 10:17:00,P-03,MEDIUM
baseline,BA00737,2026-12-23 11:30:00,CH-03,HIGH
baseline,BA00738,2026-12-26 09:30:00,P-02,HIGH
baseline,BA00739,2026-12-23 07:31:00,CH-01,MEDIUM
baseline,BA00740,2026-12-27 19:30:00,P-05,MEDIUM
baseline,BA00741,2026-12-24 19:49:00,P-06,HIGH
baseline,BA00742,2026-12-29 05:44:00,CH-01,HIGH
baseline,BA00743,2026-12-14 19:55:00,P-05,HIGH
baseline,BA00744,2026-12-24 11:44:00,CH-02,HIGH
baseline,BA00745,2026-12-17 03:59:00,P-03,HIGH
baseline,BA00746,2026-12-09 06:58:00,P-01,HIGH
baseline,BA00747,2026-12-21 22:03:00,P-06,MEDIUM
baseline,BA00748,2026-12-06 00:29:00,CH-01,HIGH
baseline,BA00749,2026-12-08 13:26:00,CH-02,HIGH
baseline,BA00750,2026-12-06 05:06:00,P-01,HIGH
baseline,BA00751,2026-12-03 03:49:00,P-05,HIGH
baseline,BA00752,2026-12-04 22:49:00,P-05,HIGH
baseline,BA00753,2026-12-08 02:33:00,CH-01,MEDIUM
baseline,BA00754,2026-12-28 04:15:00,CH-02,MEDIUM
baseline,BA00755,2026-12-28 01:50:00,P-06,MEDIUM
baseline,BA00756,2026-12-21 14:50:00,P-01,MEDIUM
baseline,BA00757,2026-12-06 12:33:00,CH-01,HIGH
baseline,BA00758,2026-12-13 15:02:00,P-01,HIGH
baseline,BA00759,2026-12-14 08:58:00,P-04,MEDIUM
post,PA00001,2027-09-29 06:26:00,CH-02,MEDIUM
post,PA00002,2027-09-06 08:07:00,P-01,HIGH
post,PA00003,2027-09-08 18:45:00,P-03,MEDIUM
post,PA00004,2027-09-02 01:59:00,P-04,HIGH
post,PA00005,2027-09-10 03:51:00,P-04,HIGH
post,PA00006,2027-09-29 07:45:00,P-05,HIGH
post,PA00007,2027-09-03 17:26:00,P-02,HIGH
post,PA00008,2027-09-02 03:23:00,CH-03,HIGH
post,PA00009,2027-09-11 07:07:00,P-05,HIGH
post,PA00010,2027-09-30 07:13:00,P-05,MEDIUM
post,PA00011,2027-09-16 17:16:00,P-03,HIGH
post,PA00012,2027-09-11 01:53:00,P-03,MEDIUM
post,PA00013,2027-09-06 04:16:00,P-05,MEDIUM
post,PA00014,2027-09-15 11:32:00,P-04,HIGH
post,PA00015,2027-09-18 12:41:00,CH-01,HIGH
post,PA00016,2027-10-21 00:20:00,CH-01,HIGH
post,PA00017,2027-10-29 19:46:00,P-01,MEDIUM
post,PA00018,2027-10-18 02:03:00,CH-01,HIGH
post,PA00019,2027-10-18 04:42:00,P-01,HIGH
post,PA00020,2027-10-15 11:10:00,CH-01,HIGH
post,PA00021,2027-10-17 01:57:00,P-02,MEDIUM
post,PA00022,2027-10-24 20:11:00,P-02,HIGH
post,PA00023,2027-10-16 22:38:00,P-01,HIGH
post,PA00024,2027-10-30 21:35:00,P-05,HIGH
post,PA00025,2027-10-04 19:51:00,CH-02,MEDIUM
post,PA00026,2027-10-15 08:23:00,P-04,HIGH
post,PA00027,2027-10-10 12:45:00,CH-02,HIGH
post,PA00028,2027-10-20 21:13:00,P-03,HIGH
post,PA00029,2027-10-12 12:48:00,CH-03,MEDIUM
post,PA00030,2027-11-14 17:00:00,P-01,HIGH
post,PA00031,2027-11-04 07:14:00,P-05,MEDIUM
post,PA00032,2027-11-30 01:46:00,P-05,HIGH
post,PA00033,2027-11-09 02:24:00,P-05,MEDIUM
post,PA00034,2027-11-10 07:30:00,P-05,HIGH
post,PA00035,2027-11-29 19:12:00,P-06,MEDIUM
post,PA00036,2027-11-16 12:09:00,P-01,MEDIUM
post,PA00037,2027-11-17 17:48:00,CH-01,HIGH
post,PA00038,2027-11-24 06:58:00,CH-03,HIGH
post,PA00039,2027-11-10 02:16:00,P-01,MEDIUM
post,PA00040,2027-11-16 14:39:00,CH-03,MEDIUM
post,PA00041,2027-11-18 06:33:00,P-04,HIGH
post,PA00042,2027-11-07 05:24:00,P-02,HIGH
post,PA00043,2027-11-29 19:00:00,CH-03,HIGH
post,PA00044,2027-11-19 20:45:00,P-04,HIGH
post,PA00045,2027-11-28 08:06:00,CH-02,HIGH
post,PA00046,2027-11-18 09:43:00,CH-01,HIGH
post,PA00047,2027-11-17 00:44:00,P-01,HIGH
post,PA00048,2027-11-09 01:11:00,P-05,HIGH
post,PA00049,2027-11-17 00:44:00,P-06,HIGH
post,PA00050,2027-11-06 17:18:00,CH-02,HIGH
post,PA00051,2027-11-04 02:19:00,P-06,MEDIUM
post,PA00052,2027-12-07 18:51:00,P-01,HIGH
post,PA00053,2027-12-06 07:17:00,P-06,HIGH
post,PA00054,2027-12-20 00:25:00,P-06,MEDIUM
post,PA00055,2027-12-13 09:33:00,P-03,HIGH
post,PA00056,2027-12-28 02:31:00,P-01,HIGH
post,PA00057,2027-12-31 00:21:00,P-03,HIGH
post,PA00058,2027-12-03 10:46:00,P-03,HIGH
post,PA00059,2027-12-23 07:12:00,CH-02,MEDIUM
post,PA00060,2027-12-18 17:50:00,CH-01,HIGH
post,PA00061,2027-12-18 17:59:00,P-04,HIGH
post,PA00062,2027-12-16 22:28:00,P-02,HIGH
post,PA00063,2027-12-12 09:35:00,CH-02,HIGH
post,PA00064,2027-12-22 08:38:00,CH-01,HIGH
post,PA00065,2027-12-13 17:03:00,P-02,HIGH
post,PA00066,2027-12-14 03:22:00,CH-01,HIGH
post,PA00067,2027-12-13 10:01:00,P-03,HIGH
post,PA00068,2027-12-13 05:53:00,CH-02,HIGH
post,PA00069,2027-12-22 03:56:00,P-01,HIGH
post,PA00070,2027-12-31 20:17:00,CH-02,HIGH
post,PA00071,2028-01-28 18:39:00,CH-01,HIGH
post,PA00072,2028-01-27 13:58:00,P-04,MEDIUM
post,PA00073,2028-01-07 10:50:00,CH-02,HIGH
post,PA00074,2028-01-01 12:39:00,P-06,HIGH
post,PA00075,2028-01-05 22:48:00,P-04,HIGH
post,PA00076,2028-01-04 07:15:00,P-03,HIGH
post,PA00077,2028-01-24 11:51:00,CH-03,HIGH
post,PA00078,2028-01-20 04:20:00,P-02,HIGH
post,PA00079,2028-01-21 00:17:00,P-06,HIGH
post,PA00080,2028-01-07 08:24:00,P-03,MEDIUM
post,PA00081,2028-01-03 22:05:00,P-05,HIGH
post,PA00082,2028-01-04 22:16:00,P-01,MEDIUM
post,PA00083,2028-01-07 04:40:00,P-06,HIGH
post,PA00084,2028-01-05 15:40:00,P-05,MEDIUM
post,PA00085,2028-01-20 18:22:00,P-04,HIGH
post,PA00086,2028-02-08 04:11:00,P-05,HIGH
post,PA00087,2028-02-18 10:49:00,CH-02,HIGH
post,PA00088,2028-02-20 23:05:00,P-05,HIGH
post,PA00089,2028-02-11 18:07:00,CH-01,HIGH
post,PA00090,2028-02-04 11:05:00,P-01,MEDIUM
post,PA00091,2028-02-29 18:29:00,P-06,MEDIUM
post,PA00092,2028-02-03 20:57:00,P-05,MEDIUM
post,PA00093,2028-02-13 20:25:00,CH-02,HIGH
post,PA00094,2028-02-19 07:49:00,P-06,MEDIUM
post,PA00095,2028-02-21 08:32:00,P-01,HIGH
post,PA00096,2028-02-02 05:59:00,P-04,HIGH
post,PA00097,2028-02-03 16:55:00,P-04,HIGH
post,PA00098,2028-02-20 07:40:00,P-02,HIGH
post,PA00099,2028-02-23 17:47:00,P-03,HIGH
post,PA00100,2028-02-25 15:56:00,P-01,MEDIUM
post,PA00101,2028-02-14 04:08:00,P-04,HIGH
post,PA00102,2028-02-20 01:21:00,CH-01,HIGH
post,PA00103,2028-02-24 04:57:00,CH-01,HIGH
post,PA00104,2028-02-17 20:00:00,P-06,MEDIUM
post,PA00105,2028-02-21 16:35:00,P-03,HIGH
post,PA00106,2028-02-25 15:07:00,P-06,MEDIUM
post,PA00107,2028-02-19 19:37:00,P-06,HIGH
post,PA00108,2028-03-05 19:55:00,P-03,MEDIUM
post,PA00109,2028-03-12 05:03:00,P-06,MEDIUM
post,PA00110,2028-03-17 12:09:00,CH-03,HIGH
post,PA00111,2028-03-29 22:18:00,CH-02,HIGH
post,PA00112,2028-03-04 18:12:00,P-02,HIGH
post,PA00113,2028-03-22 20:18:00,P-06,HIGH
post,PA00114,2028-03-27 05:43:00,P-02,HIGH
post,PA00115,2028-03-16 17:58:00,CH-02,HIGH
post,PA00116,2028-03-23 02:04:00,CH-01,HIGH
post,PA00117,2028-03-17 05:20:00,CH-03,HIGH
post,PA00118,2028-03-18 01:12:00,P-05,HIGH
post,PA00119,2028-03-11 09:57:00,P-01,MEDIUM
post,PA00120,2028-03-26 14:36:00,CH-03,HIGH
post,PA00121,2028-03-10 16:28:00,P-01,HIGH
post,PA00122,2028-03-06 18:29:00,P-05,HIGH
post,PA00123,2028-03-25 21:38:00,P-02,MEDIUM
post,PA00124,2028-03-29 01:16:00,P-01,HIGH
post,PA00125,2028-04-01 07:34:00,CH-02,HIGH
post,PA00126,2028-04-06 08:00:00,P-02,MEDIUM
post,PA00127,2028-04-08 11:11:00,CH-03,HIGH
post,PA00128,2028-04-21 14:58:00,P-01,HIGH
post,PA00129,2028-04-10 18:10:00,P-04,MEDIUM
post,PA00130,2028-04-01 19:21:00,CH-03,HIGH
post,PA00131,2028-04-23 21:16:00,CH-03,HIGH
post,PA00132,2028-04-14 03:12:00,P-05,HIGH
post,PA00133,2028-04-12 18:07:00,P-06,MEDIUM
post,PA00134,2028-04-12 02:16:00,P-04,MEDIUM
post,PA00135,2028-04-16 16:08:00,P-05,HIGH
post,PA00136,2028-04-13 15:10:00,P-02,MEDIUM
post,PA00137,2028-04-07 20:51:00,P-03,HIGH
post,PA00138,2028-04-01 23:03:00,P-05,HIGH
post,PA00139,2028-04-21 22:59:00,CH-02,MEDIUM
post,PA00140,2028-04-05 18:11:00,P-04,HIGH
post,PA00141,2028-05-21 13:05:00,P-02,HIGH
post,PA00142,2028-05-24 16:46:00,CH-02,HIGH
post,PA00143,2028-05-13 05:02:00,P-05,HIGH
post,PA00144,2028-05-02 19:01:00,P-01,HIGH
post,PA00145,2028-05-22 04:49:00,CH-03,HIGH
post,PA00146,2028-05-02 14:06:00,CH-02,HIGH
post,PA00147,2028-05-03 18:59:00,P-01,HIGH
post,PA00148,2028-05-09 20:28:00,P-04,HIGH
post,PA00149,2028-05-02 07:52:00,P-03,HIGH
post,PA00150,2028-05-21 23:52:00,P-05,HIGH
post,PA00151,2028-05-15 03:53:00,P-03,MEDIUM
post,PA00152,2028-05-15 15:29:00,CH-01,HIGH
post,PA00153,2028-05-25 13:30:00,P-04,MEDIUM
post,PA00154,2028-05-15 18:20:00,P-02,HIGH
post,PA00155,2028-06-19 19:33:00,CH-01,HIGH
post,PA00156,2028-06-26 01:40:00,CH-01,HIGH
post,PA00157,2028-06-18 01:20:00,CH-01,HIGH
post,PA00158,2028-06-16 22:25:00,CH-03,HIGH
post,PA00159,2028-06-17 05:48:00,P-05,HIGH
post,PA00160,2028-06-19 01:13:00,CH-03,MEDIUM
post,PA00161,2028-06-01 21:17:00,P-06,HIGH
post,PA00162,2028-06-19 13:55:00,CH-02,MEDIUM
post,PA00163,2028-06-24 18:07:00,P-03,HIGH
post,PA00164,2028-06-02 23:23:00,P-02,HIGH
post,PA00165,2028-06-26 14:59:00,P-03,HIGH
post,PA00166,2028-06-13 17:19:00,CH-03,MEDIUM
post,PA00167,2028-06-29 05:02:00,CH-01,HIGH
post,PA00168,2028-06-29 18:09:00,CH-03,MEDIUM
post,PA00169,2028-06-30 05:47:00,P-04,HIGH
post,PA00170,2028-06-25 00:41:00,P-05,MEDIUM
post,PA00171,2028-06-11 13:07:00,CH-02,MEDIUM
post,PA00172,2028-06-08 01:55:00,P-04,HIGH
post,PA00173,2028-06-19 10:39:00,CH-01,HIGH
post,PA00174,2028-07-18 18:13:00,P-03,HIGH
post,PA00175,2028-07-25 23:00:00,CH-02,HIGH
post,PA00176,2028-07-17 17:20:00,CH-01,HIGH
post,PA00177,2028-07-01 06:01:00,CH-02,HIGH
post,PA00178,2028-07-28 03:12:00,CH-02,MEDIUM
post,PA00179,2028-07-17 07:03:00,P-06,HIGH
post,PA00180,2028-07-01 03:01:00,CH-01,HIGH
post,PA00181,2028-07-08 06:53:00,P-06,HIGH
post,PA00182,2028-07-10 14:23:00,CH-02,HIGH
post,PA00183,2028-07-18 12:39:00,CH-02,HIGH
post,PA00184,2028-07-29 03:43:00,P-01,MEDIUM
post,PA00185,2028-07-18 12:18:00,P-04,HIGH
post,PA00186,2028-08-03 11:17:00,P-06,HIGH
post,PA00187,2028-08-14 19:49:00,P-02,HIGH
post,PA00188,2028-08-10 05:35:00,P-03,HIGH
post,PA00189,2028-08-31 19:22:00,P-02,MEDIUM
post,PA00190,2028-08-16 23:26:00,CH-03,HIGH
post,PA00191,2028-08-20 08:57:00,CH-01,MEDIUM
post,PA00192,2028-08-19 20:54:00,P-02,HIGH
post,PA00193,2028-08-20 20:10:00,P-03,MEDIUM
post,PA00194,2028-08-25 18:33:00,P-05,HIGH
post,PA00195,2028-08-30 01:59:00,P-03,HIGH
post,PA00196,2028-08-23 07:46:00,P-05,MEDIUM
post,PA00197,2028-08-19 20:12:00,CH-03,HIGH
post,PA00198,2028-08-24 21:17:00,P-01,HIGH
post,PA00199,2028-08-22 05:08:00,P-05,HIGH
